wpi_number,main_port_name,alternate_port_name,unlocode,country_code,latitude,longitude
61110,Mombetsu Ko,Monbetu Ko,,JP,44.350000000000001,143.349999999999994
61120,Abashiri Ko,,JPABA,JP,44.016666999999998,144.283332999999999
61130,Nemuro Ko,,JPNEM,JP,43.333333000000003,145.583333000000010
61140,Hanasaki Ko,,JPHNK,JP,43.283332999999999,145.583333000000010
61160,Kushiro Ko,Kusiro,JPKUH,JP,42.983333000000002,144.366667000000007
61165,Tomakomai Ko,,JPTMK,JP,42.633333000000000,141.633332999999993
61170,Muroran Ko,,JPMUR,JP,42.350000000000001,140.966667000000001
61175,Tokachi,Hiroo,JPTOK,JP,42.250000000000000,143.300000000000011
61180,Mori,,JPMOR,JP,42.116667000000000,140.583333000000010
61190,Hakodate Ko,,JPHKD,JP,41.783332999999999,140.716667000000001
61205,Esasi Ko,Esasi,JPESI,JP,41.866667000000000,140.116667000000007
61230,Otaru Ko,,JPOTR,JP,43.200000000000003,141.016667000000012
61232,Isikari Wan,,,JP,43.233333000000002,141.366667000000007
61245,Ishikari Bay New Port,Ishikariwan Ko,JPISI,JP,43.216667000000001,141.283332999999999
61250,Rumoi Ko,,JPRMI,JP,43.950000000000003,141.633332999999993
61260,Wakkanai,,JPWKJ,JP,43.416666999999997,141.683333000000005
61270,Aomori Ko,,JPAOJ,JP,40.833333000000003,140.750000000000000
61277,Noshiro Ko,Nosiro Ko,JPNSR,JP,40.216667000000001,140.000000000000000
61280,Hachinohe Ko,,JPHHE,JP,40.533332999999999,141.550000000000011
61290,Miyako,Miyako Ko,JPMYK,JP,39.633333000000000,141.983332999999988
61310,Kamaishi Ko,,JPKIS,JP,39.266666999999998,141.900000000000006
61320,Ofunato,,JPOFO,JP,39.049999999999997,141.733332999999988
61325,Kesennuma Ko,,JPKSN,JP,38.866667000000000,141.599999999999994
61330,Onagawa,,JPONG,JP,38.450000000000003,141.449999999999989
61340,Ishinomaki Ko,Isinomaki,JPISM,JP,38.399999999999999,141.316666999999995
61350,Sendai-Shiogama,Siogama,JPSGM,JP,38.316667000000002,141.033332999999999
61353,Soma,,JPSOM,JP,37.833333000000003,140.949999999999989
61355,Onahama Ko,Iwaki,JPONA,JP,36.933332999999998,140.900000000000006
61356,Hitachi,Hitaki Ko,JPHTC,JP,36.500000000000000,140.633332999999993
61357,Kashima Ko,,JPKSM,JP,35.933332999999998,140.699999999999989
61360,Choshi,Tyosi,JPCHO,JP,35.733333000000002,140.849999999999994
61370,Tateyama Ko,,JPTTY,JP,35.000000000000000,139.800000000000011
61372,Kisarazu Ko,,JPKZU,JP,35.366667000000000,139.883332999999993
61375,Chiba Ko,Samukawa; Tiba,JPCHB,JP,35.583333000000003,140.066666999999995
61378,Katsunan Ko,,,JP,35.666666999999997,139.983332999999988
61379,Funabashi,,JPFNB,JP,35.666666999999997,139.949999999999989
61380,Tokyo Ko,,JPTYO,JP,35.666666999999997,139.750000000000000
61385,Kawasaki Ko,,JPKWS,JP,35.500000000000000,139.766667000000012
61390,Yokohama Ko,,JPYOK,JP,35.450000000000003,139.583333000000010
61400,Yokosuka Ko,,JPYOS,JP,35.283332999999999,139.666666999999990
61410,Uraga Ko,,JPURG,JP,35.233333000000002,139.716667000000001
61415,Tagonoura Ko,,JPTGO,JP,35.133333000000000,138.699999999999989
61416,Atsumi,,JPATM,JP,34.666666999999997,137.066666999999995
61420,Shimoda Ko,,JPSMD,JP,34.666666999999997,138.949999999999989
61425,Omaezaki Ko,,JPOMZ,JP,34.600000000000001,138.233332999999988
61460,Shimizu Ko,Simizu,JPSMZ,JP,35.016666999999998,138.500000000000000
61465,Mikawa,Makawi,JPMKW,JP,34.716667000000001,137.300000000000011
61470,Kinuura Ko,,JPKNU,JP,34.850000000000001,136.949999999999989
61475,Gamagori Ko,,JPGAM,JP,34.816667000000002,137.216667000000001
61480,Nagoya Ko,,JPNGO,JP,35.066667000000002,136.866667000000007
61490,Yokkaichi,Yokkaiti,JPYKK,JP,34.966667000000001,136.633332999999993
61495,Matsusaka,Matsusaki; Tsumatsusaka,JPMSA,JP,34.600000000000001,136.566666999999995
61500,Toba,,JPTOB,JP,34.483333000000002,136.849999999999994
61515,Owase Ko,,JPOWA,JP,34.066667000000002,136.216667000000001
61540,Tanabe Ko,,JPTAE,JP,33.716667000000001,135.366667000000007
61541,Yura,,JPYUA,JP,33.950000000000003,135.099999999999994
61545,Wakayama-Shimotsu Ko,Minami-ku,JPWAK,JP,34.200000000000003,135.133332999999993
61547,Sakai-Senboku,,JPSBK,JP,34.549999999999997,135.433333000000005
61550,Osaka,Sakai,JPOSA,JP,34.649999999999999,135.433333000000005
61555,Amagasaki,,JPAMA,JP,34.700000000000003,135.383332999999993
61560,Kobe,,JPUKB,JP,34.649999999999999,135.183333000000005
61564,Hirohata,,JPHRH,JP,34.766666999999998,134.633332999999993
61566,Shikama,,JPSKM,JP,34.766666999999998,134.650000000000006
61567,Himeji,Himezi,JPHIM,JP,34.750000000000000,134.633332999999993
61568,Higashi-Harima,,JPHHR,JP,34.700000000000003,134.833333000000010
61570,Aioi,,JPAIO,JP,34.783332999999999,134.466667000000001
61571,O0kihama,Aboshi,,JP,34.750000000000000,134.566666999999995
61573,Kakogawa,,JPKGA,JP,34.700000000000003,134.833333000000010
61580,Uno Ko,Tama,JPUNO,JP,34.483333000000002,133.949999999999989
61590,Hibi Ko,,JPHIB,JP,34.450000000000003,133.933333000000005
61595,Mizushima Ko,Mizusima,JPMIZ,JP,34.500000000000000,133.750000000000000
61605,Fukuyama,,JPFYM,JP,34.433332999999998,133.433333000000005
61617,Habu Ko,,JPHAB,JP,34.283332999999999,133.183333000000005
61630,Onomichi-Itozaki,,JPONX,JP,34.383333000000000,133.166666999999990
61640,Kure,,JPKRE,JP,34.233333000000002,132.550000000000011
61642,Mitsukojima,,JPMKS,JP,34.183332999999998,132.516667000000012
61650,Hiroshima,,JPHIJ,JP,34.350000000000001,132.466667000000001
61655,Kanokawa Ko,,JPKKW,JP,34.183332999999998,132.433333000000005
61662,Iwakuni Ko,,JPIWK,JP,34.183332999999998,132.250000000000000
61664,Namikata,,JPNIT,JP,34.116667000000000,132.900000000000006
61675,Kudamatsu,,JPKUD,JP,34.000000000000000,131.866667000000007
61680,Tokuyama,,JPTKY,JP,34.033332999999999,131.816666999999995
61690,Ube Ko,,JPUBJ,JP,33.933332999999998,131.233332999999988
61695,Hikari,,JPHKR,JP,33.950000000000003,131.933333000000005
61700,Shimonoseki,,JPSHS,JP,33.933332999999998,130.933333000000005
61720,Hagi Ko,,JPHAG,JP,34.416666999999997,131.400000000000006
61730,Hamada Ko,,JPHMD,JP,34.899999999999999,132.083333000000010
61750,Sakai Ko,,JPSAK,JP,35.549999999999997,133.250000000000000
61760,Sakaiminato,,JPSMN,JP,35.533332999999999,133.233332999999988
61790,Miyazu,,JPMIY,JP,35.533332999999999,135.199999999999989
61800,Maizuru Ko,,JPMAI,JP,35.516666999999998,135.333333000000010
61802,Uchiura,,JPUCR,JP,35.516666999999998,135.500000000000000
61805,Fukui,,JPFKJ,JP,36.066667000000002,136.199999999999989
61810,Tsuruga Ko,Turuga,JPTRG,JP,35.649999999999999,136.066666999999995
61820,Fukui Ko,,JPFKJ,JP,36.183332999999998,136.099999999999994
61822,Kanazawa,,JPKNZ,JP,36.616667000000000,136.599999999999994
61840,Nanao Ko,,JPNNO,JP,37.049999999999997,136.983332999999988
61850,Fushiki-Toyama,Fushiki Toyama,JPFTX,JP,36.766666999999998,137.133332999999993
61855,Shimminato,,,JP,36.766666999999998,137.116667000000007
61862,Himekawa,,JPHMK,JP,37.033332999999999,137.849999999999994
61865,Naoetsu Ko,,JPNAO,JP,37.183332999999998,138.250000000000000
61867,Kashiwazaki,,JPKWZ,JP,37.366667000000000,138.550000000000011
61870,Niigata Ko,Niigata-nishi (West Port),JPKIJ,JP,37.916666999999997,139.050000000000011
61875,Eastern Part Of Niigata-Ko,Niigata-higashi (East Port),JPNIH,JP,38.016666999999998,139.233332999999988
61890,Ryotu Ko,Ryozu Sado Shima,JPRYO,JP,38.083333000000003,138.566666999999995
61900,Sakata Ko,,JPSKT,JP,38.933332999999998,139.816666999999995
61910,Akita-Funakawa Ko,Akita,JPAXT,JP,39.781388888999999,140.014999999999986
61932,Mega,,,JP,34.783332999999999,134.699999999999989
61935,Hannan Ko,,JPHAN,JP,34.466667000000001,135.349999999999994
61940,Takamatsu,,JPTAK,JP,34.350000000000001,134.050000000000011
61960,Komatsushima,,JPKOM,JP,34.016666999999998,134.599999999999994
61965,Tachibana,Anan,JPTBN,JP,33.866667000000000,134.666666999999990
61967,Shingu,,JPSHN,JP,33.666666999999997,135.983332999999988
61970,Kochi Ko,Koti,JPKCZ,JP,33.500000000000000,133.566666999999995
61980,Susaki Ko,,JPSUZ,JP,33.383333000000000,133.300000000000011
62010,Uwajima Ko,,JPUWA,JP,33.216667000000001,132.566666999999995
62020,Yawatahama,,JPYWH,JP,33.450000000000003,132.416666999999990
62030,Matsuyama,Mitsuhama,JPMYJ,JP,33.850000000000001,132.699999999999989
62060,Kikuma Ko,,JPKIK,JP,34.033332999999999,132.833333000000010
62065,Muturezima Ko,,JPMTR,JP,33.966667000000001,130.866667000000007
62070,Imabari Ko,Imabari,JPIMB,JP,34.066667000000002,133.016667000000012
62077,Takuma,,JPTKM,JP,34.216667000000001,133.683333000000005
62078,Tonda,,JPTND,JP,34.033332999999999,131.750000000000000
62079,Onoda,,JPOND,JP,34.000000000000000,131.183333000000005
62080,Niihama,,JPIHA,JP,33.983333000000002,133.283332999999999
62085,Mishima-Kawanoe Ko,,JPMKX,JP,34.000000000000000,133.550000000000011
62100,Marugame Ko,,JPMAR,JP,34.299999999999997,133.783332999999999
62110,Sakaide Ko,Sakaide,JPSKD,JP,34.333333000000003,133.849999999999994
62113,Yanai,,JPYAN,JP,33.950000000000003,132.133332999999993
62115,Tobata,,JPTBT,JP,33.916666999999997,130.816666999999995
62118,Hibikinada,,JBHBI,JP,33.933332999999998,130.833333000000010
62120,Wakamatsu Ko,,JPWAM,JP,33.899999999999999,130.816666999999995
62121,Yahata,Yawata,JPYWT,JP,33.866667000000000,130.816666999999995
62130,Kokura Ko,,JPKOK,JP,33.883333000000000,130.883332999999993
62140,Moji Ko,Kitak Yushu; Kitakyushu,JPMOJ,JP,33.950000000000003,130.966667000000001
62145,Kanda,,JPKND,JP,33.783332999999999,131.016667000000012
62150,Beppu,,JPBPU,JP,33.316667000000002,131.516667000000012
62160,Oita Ko,,JPOIT,JP,33.250000000000000,131.666666999999990
62165,Saganoseki Ko,,JPSAG,JP,33.250000000000000,131.866667000000007
62170,Tsukumi Ko,,JPTMI,JP,33.083333000000003,131.866667000000007
62175,Saiki Ko,,JPSAE,JP,32.966667000000001,131.933333000000005
62190,Hososhima Ko,,JPHSM,JP,32.433332999999998,131.666666999999990
62220,Kagoshima Ko,,JPKOJ,JP,31.583333000000000,130.566666999999995
62224,Shibushi Wan,,JPSBS,JP,31.466667000000001,131.099999999999994
62225,Kiire,,JPKII,JP,31.383333000000000,130.550000000000011
62250,Minamata Ko,Minamata,JPMIN,JP,32.200000000000003,130.383332999999993
62255,Yatsushiro Ko,,JPYAT,JP,32.500000000000000,130.533332999999999
62280,Misumi Ko,Kumamoto,JPMIS,JP,32.600000000000001,130.466667000000001
62290,Miike Ko,,JPMII,JP,33.000000000000000,130.416666999999990
62333,Matsu-Shima,,JPMTS,JP,32.933332999999998,129.599999999999994
62340,Aokata,,JPAOK,JP,32.983333000000002,129.066666999999995
62360,Nagasaki,,JPNGS,JP,32.716667000000001,129.849999999999994
62380,Sasebo,,JPSSB,JP,33.166666999999997,129.716667000000001
62400,Imari,,JPIMI,JP,33.283332999999999,129.883332999999993
62420,Karatsu,,JPKAR,JP,33.483333000000002,129.966667000000001
62430,Hakata,,JPHKT,JP,33.600000000000001,130.400000000000006
62440,Izuhara,,JPIZH,JP,34.200000000000003,129.300000000000011
62495,Kin Wan,Chin,JPKNN,JP,26.416667000000000,127.900000000000006
62497,Nishihara,,JPNHR,JP,26.216667000000001,127.799999999999997
62500,Naha Ko,,JPNAH,JP,26.216667000000001,127.683333000000005
62505,Nakagusuku,,JPNAK,JP,26.266667000000002,127.916667000000004
62510,Hirara Ko,,JPHRR,JP,24.800000000000001,125.283332999999999
62520,Ishigaki,,JPISG,JP,24.333333000000000,124.166667000000004
